<?xml version="1.0" encoding="UTF-8"?>
<configurationDescriptor version="95">
  <logicalFolder name="root" displayName="root" projectFiles="true" kind="ROOT">
    <df root="." name="0">
      <df name="src">
        <in>gameoflife.c</in>
        <in>main.c</in>
      </df>
      <df name="test">
        <in>checkhelp.c</in>
        <in>test_source.c</in>
        <in>tmc-check.c</in>
      </df>
    </df>
    <logicalFolder name="ExternalFiles"
                   displayName="Important Files"
                   projectFiles="false"
                   kind="IMPORTANT_FILES_FOLDER">
      <itemPath>Makefile</itemPath>
    </logicalFolder>
  </logicalFolder>
  <sourceFolderFilter>^(nbproject)$</sourceFolderFilter>
  <sourceRootList>
    <Elem>.</Elem>
  </sourceRootList>
  <projectmakefile>Makefile</projectmakefile>
  <confs>
    <conf name="Default" type="0">
      <toolsSet>
        <compilerSet>default</compilerSet>
        <dependencyChecking>false</dependencyChecking>
        <rebuildPropChanged>false</rebuildPropChanged>
      </toolsSet>
      <flagsDictionary>
        <element flagsID="0" commonFlags="-g -std=c99"/>
      </flagsDictionary>
      <codeAssistance>
      </codeAssistance>
      <makefileType>
        <makeTool>
          <buildCommandWorkingDir>.</buildCommandWorkingDir>
          <buildCommand>${MAKE} -f Makefile</buildCommand>
          <cleanCommand>${MAKE} -f Makefile clean</cleanCommand>
          <executablePath>src/main</executablePath>
        </makeTool>
      </makefileType>
      <folder path="0/test">
        <cTool>
          <incDir>
            <pElem>/usr/local/Cellar/check/0.9.14/include</pElem>
          </incDir>
          <preprocessorList>
            <Elem>_THREAD_SAFE</Elem>
          </preprocessorList>
        </cTool>
      </folder>
      <item path="src/gameoflife.c" ex="false" tool="0" flavor2="3">
        <cTool flags="0">
          <incDir>
            <pElem>/usr/local/Cellar/check/0.9.14/include</pElem>
            <pElem>test</pElem>
          </incDir>
          <preprocessorList>
            <Elem>_THREAD_SAFE</Elem>
          </preprocessorList>
        </cTool>
      </item>
      <item path="src/main.c" ex="false" tool="0" flavor2="3">
      </item>
      <item path="test/checkhelp.c" ex="false" tool="0" flavor2="3">
      </item>
      <item path="test/test_source.c" ex="false" tool="0" flavor2="3">
      </item>
      <item path="test/tmc-check.c" ex="false" tool="0" flavor2="3">
      </item>
    </conf>
  </confs>
</configurationDescriptor>
